<?xml version="1.0" encoding="utf-8"?>
<plays>
<play status="1" sort="490" from="youku" show="优酷" des="baiyug.cn"><tip><![CDATA[无需安装任何插件]]></tip></play>
<play status="1" sort="490" from="189" show="天翼云" des="baiyug.cn"><tip><![CDATA[无需安装任何插件]]></tip></play>
<play status="1" sort="490" from="tudou" show="土豆" des="baiyug.cn"><tip><![CDATA[无需安装任何插件]]></tip></play>
<play status="1" sort="490" from="tdyun" show="土豆云" des="baiyug.cn"><tip><![CDATA[无需安装任何插件]]></tip></play>
<play status="1" sort="490" from="mgtv" show="芒果TV" des="baiyug.cn"><tip><![CDATA[无需安装任何插件]]></tip></play>
<play status="1" sort="490" from="letv" show="乐视" des="baiyug.cn"><tip><![CDATA[无需安装任何插件]]></tip></play>
<play status="1" sort="490" from="leyun" show="乐视云" des="baiyug.cn"><tip><![CDATA[无需安装任何插件]]></tip></play>
<play status="1" sort="490" from="sohu" show="搜狐" des="baiyug.cn"><tip><![CDATA[无需安装任何插件]]></tip></play>
<play status="1" sort="490" from="qq" show="腾讯" des="baiyug.cn"><tip><![CDATA[无需安装任何插件]]></tip></play>
<play status="1" sort="490" from="qqq" show="腾讯QQQ" des="baiyug.cn"><tip><![CDATA[无需安装任何插件]]></tip></play>
<play status="1" sort="490" from="iqiyi" show="爱奇艺" des="baiyug.cn"><tip><![CDATA[无需安装任何插件]]></tip></play>
<play status="1" sort="490" from="qiyi" show="爱奇艺②" des="baiyug.cn"><tip><![CDATA[无需安装任何插件]]></tip></play>
<play status="1" sort="490" from="56" show="56" des="baiyug.cn"><tip><![CDATA[无需安装任何插件]]></tip></play>
<play status="1" sort="490" from="pptv" show="PPTV" des="baiyug.cn"><tip><![CDATA[无需安装任何插件]]></tip></play>
<play status="1" sort="490" from="pptvyun" show="PPTV云" des="baiyug.cn"><tip><![CDATA[无需安装任何插件]]></tip></play>
<play status="1" sort="490" from="fengxing" show="风行" des="baiyug.cn"><tip><![CDATA[无需安装任何插件]]></tip></play>
<play status="1" sort="490" from="m3u8" show="m3u8" des="baiyug.cn"><tip><![CDATA[无需安装任何插件]]></tip></play>
<play status="1" sort="490" from="idkandian" show="看点" des="baiyug.cn"><tip><![CDATA[无需安装任何插件]]></tip></play>
<play status="1" sort="490" from="baiyugPlay" show="百域学院" des="baiyug.cn"><tip><![CDATA[无需安装任何插件]]></tip></play>
<play status="1" sort="490" from="baiyug3344" show="BYG3344" des="baiyug.cn"><tip><![CDATA[无需安装任何插件]]></tip></play>
<play status="1" sort="490" from="haokan" show="好看视频" des="baiyug.cn"><tip><![CDATA[无需安装任何插件]]></tip></play>
<play status="1" sort="490" from="EmPlay" show="百域中转" des="baiyug.cn"><tip><![CDATA[无需安装任何插件]]></tip></play>
<play status="1" sort="490" from="levp" show="乐视2" des="baiyug.cn"><tip><![CDATA[无需安装任何插件]]></tip></play>
<play status="1" sort="490" from="baiduyun" show="百度云" des="baiyug.cn"><tip><![CDATA[推荐用手机观看]]></tip></play>
<play status="1" sort="490" from="baiyun" show="百云播" des="baiyug.cn"><tip><![CDATA[无需安装任何插件]]></tip></play>
<play status="1" sort="490" from="kankan" show="看看" des="baiyug.cn"><tip><![CDATA[无需安装任何插件]]></tip></play>
<play status="1" sort="490" from="yinyuetai" show="音悦台" des="baiyug.cn"><tip><![CDATA[无需安装任何插件]]></tip></play>
<play status="1" sort="490" from="yy" show="YY神曲" des="baiyug.cn"><tip><![CDATA[无需安装任何插件]]></tip></play>
<play status="1" sort="490" from="wasu" show="华数网" des="baiyug.cn"><tip><![CDATA[无需安装任何插件]]></tip></play>
<play status="1" sort="490" from="bilibili" show="哔哩哔哩" des="baiyug.cn"><tip><![CDATA[无需安装任何插件]]></tip></play>
<play status="1" sort="490" from="meipai" show="美拍" des="baiyug.cn"><tip><![CDATA[推荐用手机观看]]></tip></play>
<play status="1" sort="490" from="sina" show="新浪" des="baiyug.cn"><tip><![CDATA[无需安装任何插件]]></tip></play>
<play status="1" sort="490" from="ifeng" show="凤凰" des="baiyug.cn"><tip><![CDATA[无需安装任何插件]]></tip></play>
<play status="1" sort="490" from="cntv" show="CNTV央视" des="baiyug.cn"><tip><![CDATA[无需安装任何插件]]></tip></play>
<play status="1" sort="490" from="2mm" show="恋恋影视" des="baiyug.cn"><tip><![CDATA[推荐用手机观看]]></tip></play>
<play status="1" sort="490" from="ykyun" show="优酷云" des="baiyug.cn"><tip><![CDATA[无需安装任何插件]]></tip></play>
<play status="1" sort="490" from="migu" show="咪咕" des="baiyug.cn"><tip><![CDATA[无需安装任何插件]]></tip></play>
<play status="1" sort="490" from="qzone" show="QQ空间" des="baiyug.cn"><tip><![CDATA[无需安装任何插件]]></tip></play>
<play status="1" sort="490" from="douyu" show="斗鱼" des="baiyug.cn"><tip><![CDATA[无需安装任何插件]]></tip></play>
<play status="1" sort="490" from="longzhu" show="龙珠" des="baiyug.cn"><tip><![CDATA[无需安装任何插件]]></tip></play>
<play status="1" sort="490" from="huya" show="虎牙" des="baiyug.cn"><tip><![CDATA[无需安装任何插件]]></tip></play>
<play status="1" sort="490" from="tangdou" show="糖豆" des="baiyug.cn"><tip><![CDATA[无需安装任何插件]]></tip></play>
<play status="1" sort="490" from="vlook" show="微录客" des="baiyug.cn"><tip><![CDATA[无需安装任何插件]]></tip></play>
<play status="1" sort="490" from="lecloud" show="乐视云计算" des="baiyug.cn"><tip><![CDATA[无需安装任何插件]]></tip></play>
<play status="1" sort="490" from="mysohu" show="搜狐云/自媒体" des="baiyug.cn"><tip><![CDATA[无需安装任何插件]]></tip></play>
<play status="1" sort="490" from="m1905" show="m1905网" des="baiyug.cn"><tip><![CDATA[无需安装任何插件]]></tip></play>
<play status="1" sort="490" from="youmi" show="优米网" des="baiyug.cn"><tip><![CDATA[无需安装任何插件]]></tip></play>
<play status="1" sort="490" from="miaopai" show="秒拍网" des="baiyug.cn"><tip><![CDATA[无需安装任何插件]]></tip></play>
<play status="1" sort="490" from="aipai" show="爱拍网" des="baiyug.cn"><tip><![CDATA[无需安装任何插件]]></tip></play>
<play status="1" sort="490" from="kuaishou" show="快手" des="baiyug.cn"><tip><![CDATA[无需安装任何插件]]></tip></play>
<play status="1" sort="490" from="cloud" show="cloud" des="baiyug.cn"><tip><![CDATA[无需安装任何插件]]></tip></play>
<play status="1" sort="490" from="funshion" show="funshion" des="baiyug.cn"><tip><![CDATA[无需安装任何插件]]></tip></play>
<play status="1" sort="490" from="xp" show="xp" des="baiyug.cn"><tip><![CDATA[无需安装任何插件]]></tip></play>
<play status="1" sort="490" from="mp4" show="mp4" des="baiyug.cn"><tip><![CDATA[无需安装任何插件]]></tip></play>
<play status="1" sort="490" from="xigua" show="西瓜" des="baiyug.cn"><tip><![CDATA[无需安装任何插件]]></tip></play>
<play status="1" sort="490" from="xunlei" show="讯雷" des="baiyug.cn"><tip><![CDATA[无需安装任何插件]]></tip></play>
</plays>
